,Actors,Awards,Box_office,Country,Director,Genre,Language,Studio,Title,Type,Writer,Year,imdbID,imdbRating,imdbVotes
0,Freddie Kuguru,N/A,N/A,USA,N/A,Short,English,N/A,Star Wars: Episode VII - Toys,movie,N/A,2015,tt5377194,N/A,N/A
1,"Sam Worthington, Zoe Saldana, Sigourney Weaver, Stephen Lang",Won 3 Oscars. Another 85 wins & 128 nominations.,"$749,700,000","UK, USA",James Cameron,"Action, Adventure, Fantasy, Sci-Fi","English, Spanish",20th Century Fox,Avatar,movie,James Cameron,2009,tt0499549,7.8,"1,013,715"
2,"Chadwick Boseman, Michael B. Jordan, Lupita Nyong'o, Danai Gurira",14 nominations.,"$501,105,037","USA, South Africa, South Korea, Australia",Ryan Coogler,"Action, Adventure, Sci-Fi","Swahili, Nama, English, Xhosa, Korean",Marvel Studios,Black Panther,movie,"Ryan Coogler, Joe Robert Cole, Stan Lee (based on the Marvel comics by), Jack Kirby (based on the Marvel Comics by)",2018,tt1825683,7.4,"430,289"
3,"Robert Downey Jr., Chris Hemsworth, Mark Ruffalo, Chris Evans",N/A,"$664,987,816",USA,"Anthony Russo, Joe Russo","Action, Adventure, Fantasy, Sci-Fi",English,Walt Disney Pictures,Avengers: Infinity War,movie,"Christopher Markus (screenplay by), Stephen McFeely (screenplay by), Stan Lee (based on the Marvel comics by), Jack Kirby (based on the Marvel comics by), Joe Simon (Captain America created by), Jack Kirby (Captain America created by), Steve Englehart (Star-Lord created by), Steve Gan (Star-Lord created by), Bill Mantlo (Rocket Raccoon created by), Keith Giffen (Rocket Raccoon created by), Jim Starlin (Thanos,  Gamora and Drax created by), Stan Lee (Groot created by), Larry Lieber (Groot created by), Jack Kirby (Groot created by), Steve Englehart (Mantis created by), Don Heck (Mantis created by)",2018,tt4154756,8.5,"550,743"
4,"Leonardo DiCaprio, Kate Winslet, Billy Zane, Kathy Bates",Won 11 Oscars. Another 111 wins & 77 nominations.,N/A,USA,James Cameron,"Drama, Romance","English, Swedish",Paramount Pictures,Titanic,movie,James Cameron,1997,tt0120338,7.8,"926,635"
5,"Chris Pratt, Bryce Dallas Howard, Irrfan Khan, Vincent D'Onofrio",14 wins & 57 nominations.,"$528,757,749",USA,Colin Trevorrow,"Action, Adventure, Sci-Fi",English,Universal Pictures,Jurassic World,movie,"Rick Jaffa (screenplay by), Amanda Silver (screenplay by), Colin Trevorrow (screenplay by), Derek Connolly (screenplay by), Rick Jaffa (story by), Amanda Silver (story by), Michael Crichton (based on the characters created by)",2015,tt0369610,7.0,"525,152"
6,"Robert Downey Jr., Chris Evans, Mark Ruffalo, Chris Hemsworth",Nominated for 1 Oscar. Another 38 wins & 79 nominations.,"$623,279,547",USA,Joss Whedon,"Action, Adventure, Sci-Fi","English, Russian, Hindi",Walt Disney Pictures,The Avengers,movie,"Joss Whedon (screenplay), Zak Penn (story), Joss Whedon (story)",2012,tt0848228,8.1,"1,136,922"
7,"Mark Hamill, Carrie Fisher, Adam Driver, Daisy Ridley",Nominated for 4 Oscars. Another 12 wins & 71 nominations.,"$619,117,636",USA,Rian Johnson,"Action, Adventure, Fantasy, Sci-Fi",English,Walt Disney Pictures,Star Wars: Episode VIII - The Last Jedi,movie,"Rian Johnson, George Lucas (based on characters created by)",2017,tt2527336,7.2,"438,214"
8,"Craig T. Nelson, Holly Hunter, Sarah Vowell, Huck Milner",N/A,N/A,USA,Brad Bird,"Animation, Action, Adventure, Comedy, Family, Sci-Fi",English,Disney/Pixar,Incredibles 2,movie,Brad Bird,2018,tt3606756,7.8,"159,661"
9,"Christian Bale, Heath Ledger, Aaron Eckhart, Michael Caine",Won 2 Oscars. Another 152 wins & 155 nominations.,"$533,316,061","USA, UK",Christopher Nolan,"Action, Crime, Drama, Thriller","English, Mandarin",Warner Bros. Pictures/Legendary,The Dark Knight,movie,"Jonathan Nolan (screenplay), Christopher Nolan (screenplay), Christopher Nolan (story), David S. Goyer (story), Bob Kane (characters)",2008,tt0468569,9.0,"2,005,606"
10,"Felicity Jones, Diego Luna, Alan Tudyk, Donnie Yen",Nominated for 2 Oscars. Another 23 wins & 78 nominations.,"$532,171,696",USA,Gareth Edwards,"Action, Adventure, Sci-Fi",English,Walt Disney Pictures,Rogue One: A Star Wars Story,movie,"Chris Weitz (screenplay by), Tony Gilroy (screenplay by), John Knoll (story by), Gary Whitta (story by), George Lucas (based on characters created by)",2016,tt3748528,7.8,"457,611"
11,"Emma Watson, Dan Stevens, Luke Evans, Josh Gad",Nominated for 2 Oscars. Another 12 wins & 65 nominations.,"$503,974,884","USA, UK",Bill Condon,"Family, Fantasy, Musical, Romance",English,Walt Disney Pictures,Beauty and the Beast,movie,"Stephen Chbosky (screenplay by), Evan Spiliotopoulos (screenplay by), Linda Woolverton (based on the 1991 animated film ""Beauty and the Beast"" animation screenplay by)",2017,tt2771200,7.2,"226,098"
12,"Ellen DeGeneres, Albert Brooks, Ed O'Neill, Kaitlin Olson",Nominated for 1 BAFTA Film Award. Another 15 wins & 42 nominations.,"$486,292,984",USA,"Andrew Stanton, Angus MacLane(co-director)","Animation, Adventure, Comedy, Family","English, Indonesian",Walt Disney Pictures/PIXAR,Finding Dory,movie,"Andrew Stanton (original story by), Andrew Stanton (screenplay by), Victoria Strouse (screenplay by), Bob Peterson (additional screenplay material by), Angus MacLane (additional story material by)",2016,tt2277860,7.3,"203,507"
13,"Liam Neeson, Ewan McGregor, Natalie Portman, Jake Lloyd",Nominated for 3 Oscars. Another 26 wins & 65 nominations.,"$431,000,000",USA,George Lucas,"Action, Adventure, Fantasy, Sci-Fi",English,20th Century Fox,Star Wars: Episode I - The Phantom Menace,movie,George Lucas,1999,tt0120915,6.5,"635,302"
14,"Mark Hamill, Harrison Ford, Carrie Fisher, Peter Cushing",Won 6 Oscars. Another 50 wins & 28 nominations.,N/A,USA,George Lucas,"Action, Adventure, Fantasy, Sci-Fi",English,20th Century Fox,Star Wars: Episode IV - A New Hope,movie,George Lucas,1977,tt0076759,8.6,"1,092,532"
15,"Robert Downey Jr., Chris Hemsworth, Mark Ruffalo, Chris Evans",7 wins & 45 nominations.,"$429,113,729",USA,Joss Whedon,"Action, Adventure, Sci-Fi","English, Korean",Walt Disney Pictures,Avengers: Age of Ultron,movie,"Joss Whedon, Stan Lee (based on the Marvel comics by), Jack Kirby (based on the Marvel comics by), Joe Simon (character created by: Captain America), Jack Kirby (character created by: Captain America), Jim Starlin (character created by: Thanos)",2015,tt2395427,7.4,"619,549"
16,"Christian Bale, Gary Oldman, Tom Hardy, Joseph Gordon-Levitt",Nominated for 1 BAFTA Film Award. Another 38 wins & 102 nominations.,"$448,130,642","UK, USA",Christopher Nolan,"Action, Thriller","English, Arabic",Warner Bros. Pictures,The Dark Knight Rises,movie,"Jonathan Nolan (screenplay), Christopher Nolan (screenplay), Christopher Nolan (story), David S. Goyer (story), Bob Kane (characters)",2012,tt1345836,8.4,"1,352,041"
17,"Mike Myers, Eddie Murphy, Cameron Diaz, Julie Andrews",Nominated for 2 Oscars. Another 18 wins & 50 nominations.,"$436,471,036",USA,"Andrew Adamson, Kelly Asbury, Conrad Vernon","Animation, Adventure, Comedy, Family, Fantasy, Romance",English,DreamWorks SKG,Shrek 2,movie,"William Steig (based upon the book by), Andrew Adamson (story by), Andrew Adamson (screenplay by), Joe Stillman (screenplay by), J. David Stem (screenplay by), David N. Weiss (screenplay by), Cody Cameron (additional dialogue), Walt Dohrn (additional dialogue), Chris Miller (additional dialogue), David P. Smith (additional dialogue), Conrad Vernon (additional dialogue)",2004,tt0298148,7.2,"370,258"
18,"Dee Wallace, Henry Thomas, Peter Coyote, Robert MacNaughton",Won 4 Oscars. Another 47 wins & 34 nominations.,N/A,USA,Steven Spielberg,"Family, Sci-Fi",English,Universal Pictures,E.T. The Extra-Terrestrial,movie,Melissa Mathison,1982,tt0083866,7.9,"328,437"
19,"Jennifer Lawrence, Liam Hemsworth, Jack Quaid, Taylor St. Clair",Nominated for 1 Golden Globe. Another 22 wins & 66 nominations.,"$336,663,349",USA,Francis Lawrence,"Action, Adventure, Sci-Fi, Thriller",English,Lionsgate Films,The Hunger Games: Catching Fire,movie,"Simon Beaufoy (screenplay), Michael Arndt (screenplay), Suzanne Collins (novel)",2013,tt1951264,7.5,"564,437"
20,"Johnny Depp, Orlando Bloom, Keira Knightley, Jack Davenport",Won 1 Oscar. Another 42 wins & 53 nominations.,"$423,032,628",USA,Gore Verbinski,"Action, Adventure, Fantasy","English, Turkish, Greek, Mandarin, French",Buena Vista,Pirates of the Caribbean: Dead Man's Chest,movie,"Ted Elliott, Terry Rossio, Ted Elliott (characters), Terry Rossio (characters), Stuart Beattie (characters), Jay Wolpert (characters)",2006,tt0383574,7.3,"601,107"
21,"Rowan Atkinson, Matthew Broderick, Niketa Calame-Harris, Jim Cummings",Won 2 Oscars. Another 33 wins & 29 nominations.,"$94,240,635",USA,"Roger Allers, Rob Minkoff","Animation, Adventure, Drama, Family, Musical","English, Swahili, Xhosa, Zulu",Buena Vista,The Lion King,movie,"Irene Mecchi (screenplay by), Jonathan Roberts (screenplay by), Linda Woolverton (screenplay by), Burny Mattinson (story), Barry Johnson (story), Lorna Cook (story), Thom Enriquez (story), Andy Gaskill (story), Gary Trousdale (story), Jim Capobianco (story), Kevin Harkey (story), Jorgen Klubien (story), Chris Sanders (story), Tom Sito (story), Larry Leker (story), Joe Ranft (story), Rick Maki (story), Ed Gombert (story), Francis Glebas (story), Mark Kausler (story), J.T. Allen (additional story material), George Scribner (additional story material), Miguel Tejada-Flores (additional story material), Jenny Tripp (additional story material), Bob Tzudiker (additional story material), Christopher Vogler (additional story material), Kirk Wise (additional story material), Noni White (additional story material), Brenda Chapman (story supervisor)",1994,tt0110357,8.5,"807,335"
22,"Chris Pratt, Bryce Dallas Howard, Rafe Spall, Justice Smith",N/A,N/A,USA,J.A. Bayona,"Action, Adventure, Sci-Fi","English, Russian",Universal Pictures,Jurassic World: Fallen Kingdom,movie,"Derek Connolly, Colin Trevorrow, Michael Crichton (based on characters created by)",2018,tt4881806,6.2,"187,929"
23,"Tom Hanks, Tim Allen, Joan Cusack, Ned Beatty",Won 2 Oscars. Another 58 wins & 91 nominations.,"$414,984,497",USA,Lee Unkrich,"Animation, Adventure, Comedy, Family, Fantasy","English, Spanish",Walt Disney Pictures,Toy Story 3,movie,"John Lasseter (story by), Andrew Stanton (story by), Lee Unkrich (story by), Michael Arndt (screenplay by)",2010,tt0435761,8.3,"662,598"
24,"Gal Gadot, Chris Pine, Connie Nielsen, Robin Wright",17 wins & 54 nominations.,"$412,400,625","USA, China, Hong Kong",Patty Jenkins,"Action, Adventure, Fantasy, Sci-Fi, War","English, German, Dutch, French, Spanish, Chinese, Greek,  Ancient (to 1453), North American Indian",Warner Bros. Pictures,Wonder Woman,movie,"Allan Heinberg (screenplay by), Zack Snyder (story by), Allan Heinberg (story by), Jason Fuchs (story by), William Moulton Marston (Wonder Woman created by)",2017,tt0451279,7.5,"459,915"
25,"Robert Downey Jr., Gwyneth Paltrow, Don Cheadle, Guy Pearce",Nominated for 1 Oscar. Another 17 wins & 61 nominations.,"$408,992,272","China, USA",Shane Black,"Action, Adventure, Sci-Fi",English,Walt Disney Pictures,Iron Man 3,movie,"Drew Pearce (screenplay by), Shane Black (screenplay by), Stan Lee (based on the Marvel comic book by), Don Heck (based on the Marvel comic book by), Larry Lieber (based on the Marvel comic book by), Jack Kirby (based on the Marvel comic book by), Warren Ellis (based on the ""Extremis"" mini-series written by), Adi Granov (based on the ""Extremis"" mini-series illustrated by)",2013,tt1300854,7.2,"662,530"
26,"Chris Evans, Robert Downey Jr., Scarlett Johansson, Sebastian Stan",16 wins & 65 nominations.,"$408,080,554","USA, Germany","Anthony Russo, Joe Russo","Action, Adventure, Sci-Fi","English, German, Xhosa, Russian, Romanian, Hindi",Walt Disney Pictures,Captain America: Civil War,movie,"Christopher Markus (screenplay by), Stephen McFeely (screenplay by), Joe Simon (based on the Marvel comics by), Jack Kirby (based on the Marvel comics by)",2016,tt3498820,7.8,"538,908"
27,"Stanley Tucci, Wes Bentley, Jennifer Lawrence, Willow Shields",Nominated for 1 Golden Globe. Another 33 wins & 47 nominations.,"$407,981,652",USA,Gary Ross,"Action, Adventure, Sci-Fi, Thriller",English,Lionsgate,The Hunger Games,movie,"Gary Ross (screenplay), Suzanne Collins (screenplay), Billy Ray (screenplay), Suzanne Collins (novel)",2012,tt1392170,7.2,"780,442"
28,"Dwayne Johnson, Kevin Hart, Jack Black, Karen Gillan",2 wins & 3 nominations.,"$393,201,353",USA,Jake Kasdan,"Action, Adventure, Comedy, Fantasy",English,Columbia Pictures,Jumanji: Welcome to the Jungle,movie,"Chris McKenna (screenplay by), Erik Sommers (screenplay by), Scott Rosenberg (screenplay by), Jeff Pinkner (screenplay by), Chris McKenna (screen story by), Chris Van Allsburg (based on the book ""Jumanji"" by), Greg Taylor (based on the film ""Jumanji"" screen story by), Jim Strain (based on the film ""Jumanji"" screen story by), Chris Van Allsburg (based on the film ""Jumanji"" screen story by), Jonathan Hensleigh (based on the film ""Jumanji"" screenplay by), Greg Taylor (based on the film ""Jumanji"" screenplay by), Jim Strain (based on the film ""Jumanji"" screenplay by)",2017,tt2283362,7.0,"224,894"
29,"Tobey Maguire, Willem Dafoe, Kirsten Dunst, James Franco",Nominated for 2 Oscars. Another 16 wins & 58 nominations.,"$403,706,375",USA,Sam Raimi,"Action, Adventure, Sci-Fi",English,Columbia Pictures,Spider-Man,movie,"Stan Lee (Marvel comic book), Steve Ditko (Marvel comic book), David Koepp (screenplay)",2002,tt0145487,7.3,"623,678"
30,"Shia LaBeouf, Megan Fox, Josh Duhamel, Tyrese Gibson",Nominated for 1 Oscar. Another 15 wins & 27 nominations.,"$402,076,689",USA,Michael Bay,"Action, Adventure, Sci-Fi","English, Spanish",Paramount/Dreamworks,Transformers: Revenge of the Fallen,movie,"Ehren Kruger, Roberto Orci, Alex Kurtzman",2009,tt1055369,6.0,"358,871"
31,"Kristen Bell, Idina Menzel, Jonathan Groff, Josh Gad",Won 2 Oscars. Another 77 wins & 57 nominations.,"$400,736,600",USA,"Chris Buck, Jennifer Lee","Animation, Adventure, Comedy, Family, Fantasy, Musical","English, Norwegian",Walt Disney Pictures,Frozen,movie,"Jennifer Lee (screenplay by), Hans Christian Andersen (story inspired by ""The Snow Queen"" by), Chris Buck (story by), Jennifer Lee (story by), Shane Morris (story by)",2013,tt2294629,7.5,"503,447"
32,"Sam Neill, Laura Dern, Jeff Goldblum, Richard Attenborough",Won 3 Oscars. Another 32 wins & 25 nominations.,"$45,299,680",USA,Steven Spielberg,"Adventure, Sci-Fi, Thriller","English, Spanish",Universal City Studios,Jurassic Park,movie,"Michael Crichton (novel), Michael Crichton (screenplay), David Koepp (screenplay)",1993,tt0107290,8.1,"761,823"
33,"Chris Pratt, Zoe Saldana, Dave Bautista, Vin Diesel",Nominated for 1 Oscar. Another 12 wins & 42 nominations.,"$389,804,217",USA,James Gunn,"Action, Adventure, Comedy, Sci-Fi",English,Walt Disney Pictures,Guardians of the Galaxy Vol. 2,movie,"James Gunn, Dan Abnett (based on the Marvel comics by), Andy Lanning (based on the Marvel comics by), Steve Englehart (Star-Lord created by), Steve Gan (Star-Lord created by), Jim Starlin (Gamora and Drax created by), Stan Lee (Groot created by), Larry Lieber (Groot created by), Jack Kirby (Groot created by), Bill Mantlo (Rocket Raccoon created by), Keith Giffen (Rocket Raccoon created by), Steve Gerber (Howard the Duck created by), Val Mayerik (Howard the Duck created by)",2017,tt3896198,7.7,"431,166"
34,"Ralph Fiennes, Michael Gambon, Alan Rickman, Daniel Radcliffe",Nominated for 3 Oscars. Another 45 wins & 91 nominations.,"$381,000,185","USA, UK",David Yates,"Adventure, Drama, Fantasy, Mystery",English,Warner Bros. Pictures,Harry Potter and the Deathly Hallows: Part 2,movie,"Steve Kloves (screenplay), J.K. Rowling (novel)",2011,tt1201607,8.1,"673,121"
35,"Albert Brooks, Ellen DeGeneres, Alexander Gould, Willem Dafoe",Won 1 Oscar. Another 48 wins & 61 nominations.,"$380,529,370",USA,"Andrew Stanton, Lee Unkrich(co-director)","Animation, Adventure, Comedy, Family",English,Walt Disney Pictures,Finding Nemo,movie,"Andrew Stanton (original story by), Andrew Stanton (screenplay by), Bob Peterson (screenplay by), David Reynolds (screenplay by)",2003,tt0266543,8.1,"842,448"
36,"Ewan McGregor, Natalie Portman, Hayden Christensen, Ian McDiarmid",Nominated for 1 Oscar. Another 25 wins & 56 nominations.,N/A,"USA, Italy, Switzerland, Thailand, Tunisia",George Lucas,"Action, Adventure, Fantasy, Sci-Fi",English,20th Century Fox,Star Wars: Episode III - Revenge of the Sith,movie,George Lucas,2005,tt0121766,7.6,"622,401"
37,"Noel Appleby, Ali Astin, Sean Astin, David Aston",Won 11 Oscars. Another 197 wins & 122 nominations.,"$364,000,000","New Zealand, USA",Peter Jackson,"Action, Adventure, Drama, Fantasy","English, Quenya, Old English, Sindarin",New Line Cinema,The Lord of the Rings: The Return of the King,movie,"J.R.R. Tolkien (novel), Fran Walsh (screenplay), Philippa Boyens (screenplay), Peter Jackson (screenplay)",2003,tt0167260,8.9,"1,451,338"
38,"Robby Benson, Jesse Corti, Rex Everhart, Angela Lansbury",Won 2 Oscars. Another 24 wins & 25 nominations.,"$47,611,331",USA,"Gary Trousdale, Kirk Wise","Animation, Family, Fantasy, Musical, Romance","English, French",Buena Vista,Beauty and the Beast,movie,"Linda Woolverton (animation screenplay by), Brenda Chapman (story by), Chris Sanders (story by), Burny Mattinson (story by), Kevin Harkey (story by), Brian Pimental (story by), Bruce Woodside (story by), Joe Ranft (story by), Tom Ellery (story by), Kelly Asbury (story by), Robert Lence (story by)",1991,tt0101414,8.0,"379,513"
39,"Tobey Maguire, Kirsten Dunst, James Franco, Alfred Molina",Won 1 Oscar. Another 23 wins & 59 nominations.,"$373,377,893",USA,Sam Raimi,"Action, Adventure, Sci-Fi","English, Russian, Chinese",Sony Pictures,Spider-Man 2,movie,"Stan Lee (comic book), Steve Ditko (comic book), Alfred Gough (screen story), Miles Millar (screen story), Michael Chabon (screen story), Alvin Sargent (screenplay)",2004,tt0316654,7.3,"486,636"
40,"Jim Caviezel, Maia Morgenstern, Christo Jivkov, Francesco De Vito",Nominated for 3 Oscars. Another 28 wins & 21 nominations.,"$368,000,000",USA,Mel Gibson,Drama,"Aramaic, Latin, Hebrew",Newmarket Film Group,The Passion of the Christ,movie,"Benedict Fitzgerald (screenplay), Mel Gibson (screenplay)",2004,tt0335345,7.2,"197,549"
41,"Louis C.K., Eric Stonestreet, Kevin Hart, Jenny Slate",4 wins & 15 nominations.,"$368,305,960","Japan, USA","Chris Renaud, Yarrow Cheney(co-director)","Animation, Adventure, Comedy, Family",English,Universal Pictures,The Secret Life of Pets,movie,"Cinco Paul, Ken Daurio, Brian Lynch",2016,tt2709768,6.5,"155,113"
42,"Steve Carell, Kristen Wiig, Benjamin Bratt, Miranda Cosgrove",Nominated for 2 Oscars. Another 12 wins & 65 nominations.,"$368,049,635","USA, France, Japan","Pierre Coffin, Chris Renaud","Animation, Adventure, Comedy, Family, Fantasy, Sci-Fi","English, Ukrainian",Universal Pictures,Despicable Me 2,movie,"Cinco Paul, Ken Daurio",2013,tt1690953,7.4,"334,262"
43,"Neel Sethi, Bill Murray, Ben Kingsley, Idris Elba",Won 1 Oscar. Another 31 wins & 54 nominations.,"$363,995,937","UK, USA",Jon Favreau,"Adventure, Drama, Family, Fantasy",English,Walt Disney Pictures,The Jungle Book,movie,"Justin Marks (screenplay by), Rudyard Kipling (based on the books by)",2016,tt3040964,7.4,"234,639"
44,"Ryan Reynolds, Karan Soni, Ed Skrein, Michael Benyaer",Nominated for 2 Golden Globes. Another 27 wins & 73 nominations.,"$328,674,489",USA,Tim Miller,"Action, Adventure, Comedy, Sci-Fi",English,20th Century Fox,Deadpool,movie,"Rhett Reese, Paul Wernick",2016,tt1431045,8.0,"787,883"
45,"Amy Poehler, Phyllis Smith, Richard Kind, Bill Hader",Won 1 Oscar. Another 93 wins & 112 nominations.,"$264,317,903",USA,"Pete Docter, Ronnie Del Carmen(co-director)","Animation, Adventure, Comedy, Drama, Family, Fantasy",English,Disney/Pixar,Inside Out,movie,"Pete Docter (original story by), Ronnie Del Carmen (original story by), Pete Docter (screenplay by), Meg LeFauve (screenplay by), Josh Cooley (screenplay by), Michael Arndt (additional story material by), Simon Rich (additional story material by), Bill Hader (additional dialogue by), Amy Poehler (additional dialogue by)",2015,tt2096673,8.2,"515,590"
46,"Vin Diesel, Paul Walker, Jason Statham, Michelle Rodriguez",Nominated for 1 Golden Globe. Another 28 wins & 31 nominations.,"$316,986,481","Japan, USA, China, United Arab Emirates",James Wan,"Action, Crime, Thriller","English, Thai, Arabic, Spanish",Universal Pictures,Furious 7,movie,"Chris Morgan, Gary Scott Thompson (characters)",2015,tt2820852,7.2,"328,928"
47,"Shia LaBeouf, Rosie Huntington-Whiteley, Josh Duhamel, John Turturro",Nominated for 3 Oscars. Another 10 wins & 39 nominations.,"$352,358,779",USA,Michael Bay,"Action, Adventure, Sci-Fi",English,Paramount Studios,Transformers: Dark of the Moon,movie,Ehren Kruger,2011,tt1399103,6.3,"360,510"
48,"Bradley Cooper, Kyle Gallner, Cole Konis, Ben Reed",Won 1 Oscar. Another 23 wins & 42 nominations.,"$274,377,268",USA,Clint Eastwood,"Action, Biography, Drama, History, Thriller, War","English, Arabic",Warner Bros.,American Sniper,movie,"Jason Hall, Chris Kyle (book), Scott McEwen (book), Jim DeFelice (book)",2014,tt2179136,7.3,"391,759"
49,"Bruce Allpress, Sean Astin, John Bach, Sala Baker",Won 2 Oscars. Another 118 wins & 137 nominations.,"$339,700,000","New Zealand, USA",Peter Jackson,"Adventure, Drama, Fantasy","English, Sindarin, Old English",New Line Cinema,The Lord of the Rings: The Two Towers,movie,"J.R.R. Tolkien (novel), Fran Walsh (screenplay), Philippa Boyens (screenplay), Stephen Sinclair (screenplay), Peter Jackson (screenplay)",2002,tt0167261,8.7,"1,310,858"
50,"Ginnifer Goodwin, Jason Bateman, Idris Elba, Jenny Slate",Won 1 Oscar. Another 45 wins & 65 nominations.,"$341,264,012",USA,"Byron Howard, Rich Moore, Jared Bush(co-director)","Animation, Adventure, Comedy, Crime, Family, Mystery",English,Walt Disney Animation Studios,Zootopia,movie,"Byron Howard (story by), Rich Moore (story by), Jared Bush (story by), Jim Reardon (story by), Josie Trinidad (story by), Phil Johnston (story by), Jennifer Lee (story by), Jared Bush (screenplay by), Phil Johnston (screenplay by)",2016,tt2948356,8.0,"362,760"
51,"Jennifer Lawrence, Josh Hutcherson, Liam Hemsworth, Woody Harrelson",Nominated for 1 Golden Globe. Another 21 wins & 31 nominations.,"$295,457,212",USA,Francis Lawrence,"Action, Adventure, Sci-Fi, Thriller",English,Lionsgate Films,The Hunger Games: Mockingjay - Part 1,movie,"Peter Craig (screenplay), Danny Strong (screenplay), Suzanne Collins (adaptation), Suzanne Collins (novel)",2014,tt1951265,6.7,"368,111"
52,"Tobey Maguire, Kirsten Dunst, James Franco, Thomas Haden Church",Nominated for 1 BAFTA Film Award. Another 3 wins & 32 nominations.,"$336,530,303",USA,Sam Raimi,"Action, Adventure, Sci-Fi","English, French",Sony Pictures,Spider-Man 3,movie,"Sam Raimi (screenplay), Ivan Raimi (screenplay), Alvin Sargent (screenplay), Sam Raimi (screen story), Ivan Raimi (screen story), Stan Lee (Marvel comic book), Steve Ditko (Marvel comic book)",2007,tt0413300,6.2,"448,722"
53,"Sandra Bullock, Jon Hamm, Michael Keaton, Allison Janney",Nominated for 1 BAFTA Film Award. Another 4 wins & 24 nominations.,"$277,969,969",USA,"Kyle Balda, Pierre Coffin","Animation, Action, Adventure, Comedy, Family","English, Spanish",Universal Pictures,Minions,movie,Brian Lynch,2015,tt2293640,6.4,"187,935"
54,"Tom Holland, Michael Keaton, Robert Downey Jr., Marisa Tomei",4 wins & 9 nominations.,"$334,166,825",USA,Jon Watts,"Action, Adventure, Sci-Fi","English, Spanish",Sony Pictures,Spider-Man: Homecoming,movie,"Jonathan Goldstein (screenplay by), John Francis Daley (screenplay by), Jon Watts (screenplay by), Christopher Ford (screenplay by), Chris McKenna (screenplay by), Erik Sommers (screenplay by), Jonathan Goldstein (screen story by), John Francis Daley (screen story by), Stan Lee (based on the Marvel comic book by), Steve Ditko (based on the Marvel comic book by), Joe Simon (Captain America created by), Jack Kirby (Captain America created by)",2017,tt2250912,7.5,"383,056"
55,"Johnny Depp, Mia Wasikowska, Helena Bonham Carter, Anne Hathaway",Won 2 Oscars. Another 31 wins & 62 nominations.,"$319,323,000",USA,Tim Burton,"Adventure, Family, Fantasy",English,Walt Disney Pictures,Alice in Wonderland,movie,"Linda Woolverton (screenplay), Lewis Carroll (books)",2010,tt1014759,6.5,"350,517"
56,"Chris Pratt, Zoe Saldana, Dave Bautista, Vin Diesel",Nominated for 2 Oscars. Another 52 wins & 99 nominations.,"$270,592,504",USA,James Gunn,"Action, Adventure, Comedy, Sci-Fi",English,Walt Disney Pictures,Guardians of the Galaxy,movie,"James Gunn, Nicole Perlman, Dan Abnett (based on the Marvel comics by), Andy Lanning (based on the Marvel comics by), Bill Mantlo (character created by: Rocket Raccoon), Keith Giffen (character created by: Rocket Raccoon), Jim Starlin (characters created by: Drax the Destroyer,  Gamora & Thanos), Steve Englehart (character created by: Star-Lord), Steve Gan (character created by: Star-Lord), Steve Gerber (character created by: Howard the Duck), Val Mayerik (character created by: Howard the Duck)",2014,tt2015381,8.1,"895,861"
57,"Ben Affleck, Henry Cavill, Amy Adams, Jesse Eisenberg",14 wins & 30 nominations.,"$293,792,936",USA,Zack Snyder,"Action, Adventure, Fantasy, Sci-Fi",English,Warner Bros. Pictures,Batman v Superman: Dawn of Justice,movie,"Chris Terrio, David S. Goyer, Bob Kane (Batman created by), Bill Finger (Batman created by), Jerry Siegel (Superman created by), Joe Shuster (Superman created by), William Moulton Marston (character created by: Wonder Woman)",2016,tt2975590,6.5,"558,617"
58,"Tom Hanks, Rebecca Williams, Sally Field, Michael Conner Humphreys",Won 6 Oscars. Another 40 wins & 67 nominations.,"$330,000,000",USA,Robert Zemeckis,"Drama, Romance",English,Paramount Pictures,Forrest Gump,movie,"Winston Groom (novel), Eric Roth (screenplay)",1994,tt0109830,8.8,"1,550,175"
59,"Jaeden Lieberher, Jeremy Ray Taylor, Sophia Lillis, Finn Wolfhard",4 wins & 30 nominations.,"$326,898,358","USA, Canada",Andy Muschietti,"Horror, Thriller",English,Warner Bros. Pictures,It,movie,"Chase Palmer (screenplay by), Cary Joji Fukunaga (screenplay by), Gary Dauberman (screenplay by), Stephen King (based on the novel by)",2017,tt1396484,7.4,"328,484"
60,"Will Smith, Jaime FitzSimons, Ike Barinholtz, Margot Robbie",Won 1 Oscar. Another 16 wins & 37 nominations.,"$325,021,779",USA,David Ayer,"Action, Adventure, Fantasy, Sci-Fi","English, Japanese, Spanish",Warner Bros. Pictures,Suicide Squad,movie,David Ayer,2016,tt1386697,6.1,"511,443"
61,"Ryan Reynolds, Josh Brolin, Morena Baccarin, Julian Dennison",N/A,N/A,USA,David Leitch,"Action, Adventure, Comedy, Sci-Fi","English, Cantonese, Spanish, Russian",20th Century Fox,Deadpool 2,movie,"Rhett Reese, Paul Wernick, Ryan Reynolds",2018,tt5463162,7.8,"331,497"
62,"Mike Myers, Eddie Murphy, Cameron Diaz, Antonio Banderas",Nominated for 1 BAFTA Film Award. Another 5 wins & 15 nominations.,"$320,706,665",USA,"Chris Miller, Raman Hui(co-director)","Animation, Adventure, Comedy, Family, Fantasy",English,Dreamworks,Shrek the Third,movie,"Jeffrey Price (screenplay by), Peter S. Seaman (screenplay by), Chris Miller (screenplay by), Aron Warner (screenplay by), Andrew Adamson (story by), William Steig (based upon the book by)",2007,tt0413267,6.1,"245,876"
63,"Shia LaBeouf, Megan Fox, Josh Duhamel, Tyrese Gibson",Nominated for 3 Oscars. Another 20 wins & 41 nominations.,"$319,014,499",USA,Michael Bay,"Action, Adventure, Sci-Fi","English, Spanish",Dreamworks,Transformers,movie,"Roberto Orci (screenplay), Alex Kurtzman (screenplay), John Rogers (story), Roberto Orci (story), Alex Kurtzman (story)",2007,tt0418279,7.1,"559,789"
64,"Robert Downey Jr., Terrence Howard, Jeff Bridges, Gwyneth Paltrow",Nominated for 2 Oscars. Another 20 wins & 65 nominations.,"$318,298,180",USA,Jon Favreau,"Action, Adventure, Sci-Fi","English, Persian, Urdu, Arabic, Hungarian",Paramount Pictures,Iron Man,movie,"Mark Fergus (screenplay), Hawk Ostby (screenplay), Art Marcum (screenplay), Matt Holloway (screenplay), Stan Lee (characters), Don Heck (characters), Larry Lieber (characters), Jack Kirby (characters)",2008,tt0371746,7.9,"822,686"
65,"Richard Harris, Maggie Smith, Robbie Coltrane, Saunders Triplets",Nominated for 3 Oscars. Another 17 wins & 62 nominations.,"$317,557,891","UK, USA",Chris Columbus,"Adventure, Family, Fantasy",English,Warner Bros. Pictures,Harry Potter and the Sorcerer's Stone,movie,"J.K. Rowling (novel), Steve Kloves (screenplay)",2001,tt0241527,7.6,"553,775"
66,"Harrison Ford, Cate Blanchett, Karen Allen, Shia LaBeouf",Nominated for 1 BAFTA Film Award. Another 10 wins & 35 nominations.,"$316,957,122",USA,Steven Spielberg,"Action, Adventure, Fantasy","English, German, Russian",Paramount Pictures,Indiana Jones and the Kingdom of the Crystal Skull,movie,"David Koepp (screenplay), George Lucas (story), Jeff Nathanson (story), George Lucas (characters), Philip Kaufman (characters)",2008,tt0367882,6.2,"383,032"
67,"Alan Howard, Noel Appleby, Sean Astin, Sala Baker",Won 4 Oscars. Another 113 wins & 123 nominations.,"$314,000,000","New Zealand, USA",Peter Jackson,"Adventure, Drama, Fantasy","English, Sindarin",New Line Cinema,The Lord of the Rings: The Fellowship of the Ring,movie,"J.R.R. Tolkien (novel), Fran Walsh (screenplay), Philippa Boyens (screenplay), Peter Jackson (screenplay)",2001,tt0120737,8.8,"1,466,530"
68,"Chris Hemsworth, Tom Hiddleston, Cate Blanchett, Idris Elba",5 wins & 30 nominations.,"$314,971,245","USA, Australia",Taika Waititi,"Action, Adventure, Comedy, Fantasy, Sci-Fi",English,Walt Disney Pictures,Thor: Ragnarok,movie,"Eric Pearson, Craig Kyle, Christopher L. Yost, Stan Lee (based on the Marvel comics by), Larry Lieber (based on the Marvel comics by), Jack Kirby (based on the Marvel comics by)",2017,tt3501632,7.9,"419,376"
69,"Robert Downey Jr., Gwyneth Paltrow, Don Cheadle, Scarlett Johansson",Nominated for 1 Oscar. Another 7 wins & 42 nominations.,"$312,057,433",USA,Jon Favreau,"Action, Sci-Fi","English, French, Russian",Paramount Studios,Iron Man 2,movie,"Justin Theroux (screenplay), Stan Lee (Marvel comic book), Don Heck (Marvel comic book), Larry Lieber (Marvel comic book), Jack Kirby (Marvel comic book)",2010,tt1228705,7.0,"624,288"
70,"Ewan McGregor, Natalie Portman, Hayden Christensen, Christopher Lee",Nominated for 1 Oscar. Another 16 wins & 58 nominations.,"$307,900,000",USA,George Lucas,"Action, Adventure, Fantasy, Sci-Fi",English,20th Century Fox,Star Wars: Episode II - Attack of the Clones,movie,"George Lucas (screenplay by), Jonathan Hales (screenplay by), George Lucas (story by)",2002,tt0121765,6.6,"559,024"
71,"Johnny Depp, Geoffrey Rush, Orlando Bloom, Keira Knightley",Nominated for 2 Oscars. Another 20 wins & 44 nominations.,"$309,404,152",USA,Gore Verbinski,"Action, Adventure, Fantasy",English,Buena Vista,Pirates of the Caribbean: At World's End,movie,"Ted Elliott, Terry Rossio, Ted Elliott (characters), Terry Rossio (characters), Stuart Beattie (characters), Jay Wolpert (characters)",2007,tt0449088,7.1,"545,204"
72,"Mark Hamill, Harrison Ford, Carrie Fisher, Billy Dee Williams",Nominated for 4 Oscars. Another 20 wins & 16 nominations.,N/A,USA,Richard Marquand,"Action, Adventure, Fantasy, Sci-Fi",English,Twentieth Century Fox,Star Wars: Episode VI - Return of the Jedi,movie,"Lawrence Kasdan (screenplay by), George Lucas (screenplay by), George Lucas (story by)",1983,tt0086190,8.3,"837,046"
73,"Will Smith, Bill Pullman, Jeff Goldblum, Mary McDonnell",Won 1 Oscar. Another 34 wins & 34 nominations.,N/A,USA,Roland Emmerich,"Action, Adventure, Sci-Fi",English,20th Century Fox,Independence Day,movie,"Dean Devlin, Roland Emmerich",1996,tt0116629,7.0,"484,537"
74,"Johnny Depp, Geoffrey Rush, Orlando Bloom, Keira Knightley",Nominated for 5 Oscars. Another 36 wins & 96 nominations.,"$305,343,252",USA,Gore Verbinski,"Action, Adventure, Fantasy",English,Buena Vista Pictures,Pirates of the Caribbean: The Curse of the Black Pearl,movie,"Ted Elliott (screen story), Terry Rossio (screen story), Stuart Beattie (screen story), Jay Wolpert (screen story), Ted Elliott (screenplay), Terry Rossio (screenplay)",2003,tt0325980,8.0,"944,014"
75,"Daniel Craig, Judi Dench, Javier Bardem, Ralph Fiennes",Won 2 Oscars. Another 65 wins & 119 nominations.,"$299,300,000","UK, USA",Sam Mendes,"Action, Adventure, Thriller","English, Turkish",MGM,Skyfall,movie,"Neal Purvis, Robert Wade, John Logan, Ian Fleming (characters)",2012,tt1074638,7.8,"582,802"
76,"Ian McKellen, Martin Freeman, Richard Armitage, Ken Stott",Nominated for 3 Oscars. Another 10 wins & 72 nominations.,"$303,001,229","USA, New Zealand",Peter Jackson,"Adventure, Family, Fantasy",English,Warner Bros.,The Hobbit: An Unexpected Journey,movie,"Fran Walsh (screenplay), Philippa Boyens (screenplay), Peter Jackson (screenplay), Guillermo del Toro (screenplay), J.R.R. Tolkien (novel)",2012,tt0903624,7.9,"709,013"
77,"Daniel Radcliffe, Michael Gambon, Dave Legeno, Elarica Johnson",Nominated for 1 Oscar. Another 8 wins & 35 nominations.,"$301,920,409","UK, USA",David Yates,"Adventure, Family, Fantasy, Mystery",English,Warner Bros. Pictures,Harry Potter and the Half-Blood Prince,movie,"Steve Kloves (screenplay), J.K. Rowling (novel)",2009,tt0417741,7.6,"402,648"
78,"Xavier Samuel, Kristen Stewart, Robert Pattinson, Billy Burke",22 wins & 34 nominations.,"$300,523,113",USA,David Slade,"Adventure, Drama, Fantasy, Romance",English,Summit Entertainment,The Twilight Saga: Eclipse,movie,"Melissa Rosenberg (screenplay), Stephenie Meyer (novel)",2010,tt1325004,5.0,"207,159"
79,"Kristen Stewart, Christina Jastrzembska, Robert Pattinson, Billy Burke",20 wins & 24 nominations.,"$296,593,070",USA,Chris Weitz,"Adventure, Drama, Fantasy, Romance","English, Italian",Summit Entertainment,The Twilight Saga: New Moon,movie,"Melissa Rosenberg (screenplay), Stephenie Meyer (novel)",2009,tt1259571,4.7,"243,897"
80,"Bill Nighy, Emma Watson, Richard Griffiths, Harry Melling",Nominated for 2 Oscars. Another 15 wins & 53 nominations.,"$294,980,434","UK, USA",David Yates,"Adventure, Fantasy, Mystery",English,Warner Bros. Pictures,Harry Potter and the Deathly Hallows: Part 1,movie,"Steve Kloves (screenplay), J.K. Rowling (novel)",2010,tt0926084,7.7,"407,896"
81,"Bruce Willis, Haley Joel Osment, Toni Collette, Olivia Williams",Nominated for 6 Oscars. Another 32 wins & 48 nominations.,N/A,USA,M. Night Shyamalan,"Drama, Mystery, Thriller","English, Latin, Spanish",Hollywood/Buena Vista,The Sixth Sense,movie,M. Night Shyamalan,1999,tt0167404,8.1,"826,417"
82,"Edward Asner, Christopher Plummer, Jordan Nagai, Bob Peterson",Won 2 Oscars. Another 74 wins & 81 nominations.,"$292,979,556",USA,"Pete Docter, Bob Peterson(co-director)","Animation, Adventure, Comedy, Family",English,Walt Disney Pictures,Up,movie,"Pete Docter (story by), Bob Peterson (story by), Tom McCarthy (story by), Bob Peterson (screenplay by), Pete Docter (screenplay by)",2009,tt1049413,8.3,"821,327"
83,"Jason Momoa, Amber Heard, Willem Dafoe, Patrick Wilson",N/A,N/A,"Australia, USA",James Wan,"Action, Adventure, Fantasy, Sci-Fi",English,Warner Bros. Pictures,Aquaman,movie,"David Leslie Johnson-McGoldrick (screenplay by), Will Beall (screenplay by), Geoff Johns (story by), James Wan (story by), Will Beall (story by), Mort Weisinger (Aquaman created by), Paul Norris (Aquaman created by)",2018,tt1477834,7.9,"24,893"
84,"Leonardo DiCaprio, Joseph Gordon-Levitt, Ellen Page, Tom Hardy",Won 4 Oscars. Another 152 wins & 204 nominations.,"$292,568,851","USA, UK",Christopher Nolan,"Action, Adventure, Sci-Fi, Thriller","English, Japanese, French",Warner Bros. Pictures,Inception,movie,Christopher Nolan,2010,tt1375666,8.8,"1,779,523"
85,"Kristen Stewart, Robert Pattinson, Taylor Lautner, Peter Facinelli",21 wins & 14 nominations.,"$292,298,923",USA,Bill Condon,"Adventure, Drama, Fantasy, Romance",English,Lionsgate/Summit Entertainment,The Twilight Saga: Breaking Dawn - Part 2,movie,"Melissa Rosenberg (screenplay), Stephenie Meyer (novel)",2012,tt1673434,5.5,"210,369"
86,"Daniel Radcliffe, Harry Melling, Jason Boyd, Richard Macklin",Nominated for 2 BAFTA Film Awards. Another 14 wins & 40 nominations.,"$291,980,108","UK, USA",David Yates,"Adventure, Family, Fantasy, Mystery",English,Warner Bros. Pictures,Harry Potter and the Order of the Phoenix,movie,"Michael Goldenberg (screenplay), J.K. Rowling (novel)",2007,tt0373889,7.5,"436,741"
87,"Georgie Henley, Skandar Keynes, William Moseley, Anna Popplewell",Won 1 Oscar. Another 14 wins & 46 nominations.,"$291,685,219","USA, UK",Andrew Adamson,"Adventure, Family, Fantasy","English, German, Brazilian Sign Language",Buena Vista,"The Chronicles of Narnia: The Lion, the Witch and the Wardrobe",movie,"Ann Peacock (screenplay), Andrew Adamson (screenplay), Christopher Markus (screenplay), Stephen McFeely (screenplay), C.S. Lewis (book)",2005,tt0363771,6.9,"331,570"
88,"Henry Cavill, Amy Adams, Michael Shannon, Diane Lane",7 wins & 46 nominations.,"$291,021,565","USA, UK",Zack Snyder,"Action, Adventure, Fantasy, Sci-Fi",English,Warner Bros. Pictures,Man of Steel,movie,"David S. Goyer (screenplay), David S. Goyer (story), Christopher Nolan (story), Jerry Siegel (Superman created by), Joe Shuster (Superman created by)",2013,tt0770828,7.1,"629,830"
89,"Mark Hamill, Harrison Ford, Carrie Fisher, Billy Dee Williams",Won 1 Oscar. Another 21 wins & 19 nominations.,"$4,548,170",USA,Irvin Kershner,"Action, Adventure, Fantasy, Sci-Fi",English,Twentieth Century Fox,Star Wars: Episode V - The Empire Strikes Back,movie,"Leigh Brackett (screenplay by), Lawrence Kasdan (screenplay by), George Lucas (story by)",1980,tt0080684,8.8,"1,021,079"
90,"Eric Sykes, Timothy Spall, David Tennant, Daniel Radcliffe",Nominated for 1 Oscar. Another 13 wins & 42 nominations.,"$289,994,397","UK, USA",Mike Newell,"Adventure, Family, Fantasy, Mystery","English, French",Warner Bros. Pictures,Harry Potter and the Goblet of Fire,movie,"Steve Kloves (screenplay), J.K. Rowling (novel)",2005,tt0330373,7.7,"474,003"
91,"John Goodman, Billy Crystal, Mary Gibbs, Steve Buscemi",Won 1 Oscar. Another 13 wins & 38 nominations.,"$34,034,168",USA,"Pete Docter, David Silverman(co-director), Lee Unkrich(co-director)","Animation, Adventure, Comedy, Family, Fantasy",English,Buena Vista Distribution Compa,"Monsters, Inc.",movie,"Pete Docter (original story by), Jill Culton (original story by), Jeff Pidgeon (original story by), Ralph Eggleston (original story by), Andrew Stanton (screenplay by), Daniel Gerson (screenplay by), Bob Peterson (additional story material), David Silverman (additional story material), Joe Ranft (additional story material), Robert L. Baird (additional screenplay material), Rhett Reese (additional screenplay material), Jonathan Roberts (additional screenplay material)",2001,tt0198781,8.1,"718,325"
92,"Macaulay Culkin, Joe Pesci, Daniel Stern, John Heard",Nominated for 2 Oscars. Another 10 wins & 4 nominations.,N/A,USA,Chris Columbus,"Comedy, Family",English,Twentieth Century Fox,Home Alone,movie,John Hughes,1990,tt0099785,7.5,"393,574"
93,"Jennifer Lawrence, Josh Hutcherson, Liam Hemsworth, Woody Harrelson",17 wins & 34 nominations.,"$254,641,329","Germany, USA",Francis Lawrence,"Action, Adventure, Sci-Fi, Thriller",English,Lionsgate Films,The Hunger Games: Mockingjay - Part 2,movie,"Peter Craig (screenplay), Danny Strong (screenplay), Suzanne Collins (adaptation), Suzanne Collins (novel)",2015,tt1951266,6.6,"241,696"
94,"Ray Anthony, Christine Anu, Andy Arness, Alima Ashton-Sheibu",8 wins & 31 nominations.,"$281,500,000",USA,"Lana Wachowski, Lilly Wachowski","Action, Sci-Fi","English, French",Warner Bros. Pictures,The Matrix Reloaded,movie,"Lilly Wachowski, Lana Wachowski, Lilly Wachowski (characters), Lana Wachowski (characters)",2003,tt0234215,7.2,"469,313"
95,"Taylor Lautner, Gil Birmingham, Billy Burke, Sarah Clarke",11 wins & 22 nominations.,"$281,267,663",USA,Bill Condon,"Adventure, Drama, Fantasy, Romance","English, Portuguese",Summit Entertainment,The Twilight Saga: Breaking Dawn - Part 1,movie,"Melissa Rosenberg (screenplay), Stephenie Meyer (novel)",2011,tt1324999,4.9,"204,370"
96,"Robert De Niro, Ben Stiller, Dustin Hoffman, Barbra Streisand",2 wins & 7 nominations.,"$279,167,575",USA,Jay Roach,"Comedy, Romance","English, Spanish, Hebrew",Universal Pictures,Meet the Fockers,movie,"Greg Glienna (characters), Mary Ruth Clarke (characters), Jim Herzfeld (story), Marc Hyman (story), Jim Herzfeld (screenplay), John Hamburg (screenplay)",2004,tt0290002,6.3,"233,894"
97,"Bradley Cooper, Ed Helms, Zach Galifianakis, Justin Bartha",Won 1 Golden Globe. Another 12 wins & 25 nominations.,"$277,313,371","USA, Germany",Todd Phillips,Comedy,English,Warner Bros. Pictures,The Hangover,movie,"Jon Lucas, Scott Moore",2009,tt1119646,7.7,"656,156"
98,"Sandra Bullock, George Clooney, Ed Harris, Orto Ignatiussen",Won 7 Oscars. Another 232 wins & 175 nominations.,"$274,084,951","UK, USA",Alfonso Cuar칩n,"Drama, Sci-Fi, Thriller","English, Greenlandic",Warner Bros. Pictures,Gravity,movie,"Alfonso Cuar칩n, Jon치s Cuar칩n",2013,tt1454468,7.7,"685,873"
99,"Matthew McConaughey, Reese Witherspoon, Seth MacFarlane, Scarlett Johansson",Nominated for 2 Golden Globes. Another 2 wins & 21 nominations.,"$270,322,940","Japan, USA","Garth Jennings, Christophe Lourdelet(co-director)","Animation, Comedy, Family, Musical","English, Japanese, Ukrainian",Illumination Entertainment,Sing,movie,Garth Jennings,2016,tt3470600,7.1,"109,383"
